<annotation verified="yes">
                                    <folder>Annotation</folder>
                                    <filename>fork_6</filename>
                                    <path>C:\project\pghack\code\images\fork_scissors_output\JPEGImages\fork_6.jpg</path>
                                    <source>
                                        <database>Unknown</database>
                                    </source>
                                    <size>
                                        <width>816</width>
                                        <height>612</height>
                                        <depth>3</depth>
                                    </size>
                                    <segmented>0</segmented>
                                    <object>
                                            <name>fork</name>
                                            <pose>Unspecified</pose>
                                            <truncated>0</truncated>
                                            <difficult>0</difficult>
                                            <bndbox>
                                                <xmin>92</xmin>
                                                <ymin>78</ymin>
                                                <xmax>646</xmax>
                                                <ymax>518</ymax>
                                            </bndbox>
                                    </object>
                                    </annotation>