<annotation verified="yes">
                                    <folder>Annotation</folder>
                                    <filename>scissors_1</filename>
                                    <path>C:\project\pghack\code\images\fork_scissors_output\JPEGImages\scissors_1.jpg</path>
                                    <source>
                                        <database>Unknown</database>
                                    </source>
                                    <size>
                                        <width>816</width>
                                        <height>612</height>
                                        <depth>3</depth>
                                    </size>
                                    <segmented>0</segmented>
                                    <object>
                                            <name>scissor</name>
                                            <pose>Unspecified</pose>
                                            <truncated>0</truncated>
                                            <difficult>0</difficult>
                                            <bndbox>
                                                <xmin>294</xmin>
                                                <ymin>99</ymin>
                                                <xmax>599</xmax>
                                                <ymax>542</ymax>
                                            </bndbox>
                                    </object>
                                    </annotation>